what,kind,bundleId,bundleVersion,description,time
activated,workbench,org.eclipse.ui.workbench,3.6.2.M20110210-1200,"",1520648967745
executed,command,org.eclipse.wst.server.ui,1.1.207.v20110119,"org.eclipse.wst.server.launchShortcut.run",1520648967750
opened,editor,org.eclipse.ui.browser,3.3.1.r36_20101216,"org.eclipse.ui.browser.editor",1520648971135
activated,editor,org.eclipse.ui.browser,3.3.1.r36_20101216,"org.eclipse.ui.browser.editor",1520648971175
activated,editor,org.eclipse.jdt.ui,3.6.2.r362_v20110203,"org.eclipse.jdt.ui.CompilationUnitEditor",1520648976109
activated,editor,org.eclipse.jdt.ui,3.6.2.r362_v20110203,"org.eclipse.jdt.ui.CompilationUnitEditor",1520648976961
executed,command,org.eclipse.jdt.ui,3.6.2.r362_v20110203,"org.eclipse.jdt.ui.edit.text.java.toggle.comment",1520648984098
executed,command,org.eclipse.ui,3.6.2.M20110203-1100,"org.eclipse.ui.file.save",1520648985383
activated,view,org.eclipse.ui.navigator.resources,3.4.202.M20101124-0800,"org.eclipse.ui.navigator.ProjectExplorer",1520648986211
deactivated,workbench,org.eclipse.ui.workbench,3.6.2.M20110210-1200,"",1520648988902
activated,workbench,org.eclipse.ui.workbench,3.6.2.M20110210-1200,"",1520648989828
deactivated,workbench,org.eclipse.ui.workbench,3.6.2.M20110210-1200,"",1520648989856
activated,workbench,org.eclipse.ui.workbench,3.6.2.M20110210-1200,"",1520648990856
executed,command,org.eclipse.wst.server.ui,1.1.207.v20110119,"org.eclipse.wst.server.launchShortcut.run",1520648990861
opened,editor,org.eclipse.ui.browser,3.3.1.r36_20101216,"org.eclipse.ui.browser.editor",1520648994026
activated,editor,org.eclipse.ui.browser,3.3.1.r36_20101216,"org.eclipse.ui.browser.editor",1520648994073
deactivated,workbench,org.eclipse.ui.workbench,3.6.2.M20110210-1200,"",1520648997889
activated,workbench,org.eclipse.ui.workbench,3.6.2.M20110210-1200,"",1520649026658
activated,view,org.eclipse.ui.navigator.resources,3.4.202.M20101124-0800,"org.eclipse.ui.navigator.ProjectExplorer",1520649028117
activated,editor,org.eclipse.jdt.ui,3.6.2.r362_v20110203,"org.eclipse.jdt.ui.CompilationUnitEditor",1520649028310
executed,command,org.eclipse.ui,3.6.2.M20110203-1100,"org.eclipse.ui.edit.copy",1520649035638
activated,view,org.eclipse.ui.navigator.resources,3.4.202.M20101124-0800,"org.eclipse.ui.navigator.ProjectExplorer",1520649036113
activated,editor,org.eclipse.jdt.ui,3.6.2.r362_v20110203,"org.eclipse.jdt.ui.CompilationUnitEditor",1520649036311
executed,command,org.eclipse.ui,3.6.2.M20110203-1100,"org.eclipse.ui.edit.paste",1520649041780
deactivated,workbench,org.eclipse.ui.workbench,3.6.2.M20110210-1200,"",1520649075675
activated,workbench,org.eclipse.ui.workbench,3.6.2.M20110210-1200,"",1520649075790
activated,view,org.eclipse.ui.navigator.resources,3.4.202.M20101124-0800,"org.eclipse.ui.navigator.ProjectExplorer",1520649078080
deactivated,workbench,org.eclipse.ui.workbench,3.6.2.M20110210-1200,"",1520649080167
activated,workbench,org.eclipse.ui.workbench,3.6.2.M20110210-1200,"",1520649081025
deactivated,workbench,org.eclipse.ui.workbench,3.6.2.M20110210-1200,"",1520649081191
activated,workbench,org.eclipse.ui.workbench,3.6.2.M20110210-1200,"",1520649082377
deactivated,workbench,org.eclipse.ui.workbench,3.6.2.M20110210-1200,"",1520649082401
activated,workbench,org.eclipse.ui.workbench,3.6.2.M20110210-1200,"",1520649083272
executed,command,org.eclipse.wst.server.ui,1.1.207.v20110119,"org.eclipse.wst.server.launchShortcut.run",1520649083278
opened,editor,org.eclipse.ui.browser,3.3.1.r36_20101216,"org.eclipse.ui.browser.editor",1520649086475
activated,editor,org.eclipse.ui.browser,3.3.1.r36_20101216,"org.eclipse.ui.browser.editor",1520649086514
executed,command,org.eclipse.ui,3.6.2.M20110203-1100,"org.eclipse.ui.edit.copy",1520649090403
deactivated,workbench,org.eclipse.ui.workbench,3.6.2.M20110210-1200,"",1520649091531
activated,workbench,org.eclipse.ui.workbench,3.6.2.M20110210-1200,"",1520649096421
deactivated,workbench,org.eclipse.ui.workbench,3.6.2.M20110210-1200,"",1520649097339
activated,workbench,org.eclipse.ui.workbench,3.6.2.M20110210-1200,"",1520649100853
activated,view,org.eclipse.ui.navigator.resources,3.4.202.M20101124-0800,"org.eclipse.ui.navigator.ProjectExplorer",1520649102763
deactivated,workbench,org.eclipse.ui.workbench,3.6.2.M20110210-1200,"",1520649107673
activated,workbench,org.eclipse.ui.workbench,3.6.2.M20110210-1200,"",1520649172101
started,bundle,org.eclipse.wst.xml.ui,1.1.103.v201101122108,"org.eclipse.wst.xml.ui",1520649182967
started,bundle,org.eclipse.wst.html.core,1.1.404.v201101190004,"org.eclipse.wst.html.core",1520649183125
started,bundle,org.eclipse.wst.css.core,1.1.402.v201102031915,"org.eclipse.wst.css.core",1520649183220
started,bundle,org.eclipse.jst.jsp.ui,1.1.503.v201101262228,"org.eclipse.jst.jsp.ui",1520649183311
started,bundle,org.eclipse.jst.jsf.facelet.ui,1.0.0.v20100602,"org.eclipse.jst.jsf.facelet.ui",1520649183365
started,bundle,org.eclipse.jst.jsf.ui,1.3.1.v20100906,"org.eclipse.jst.jsf.ui",1520649183395
started,bundle,org.eclipse.wst.jsdt.web.ui,1.0.304.v201012160349,"org.eclipse.wst.jsdt.web.ui",1520649183401
started,bundle,org.eclipse.wst.css.ui,1.0.502.v201101122002,"org.eclipse.wst.css.ui",1520649183440
started,bundle,org.eclipse.wst.dtd.ui,1.0.500.v201004290328,"org.eclipse.wst.dtd.ui",1520649183465
started,bundle,org.eclipse.wst.jsdt.web.core,1.0.304.v201102160550,"org.eclipse.wst.jsdt.web.core",1520649183495
deactivated,workbench,org.eclipse.ui.workbench,3.6.2.M20110210-1200,"",1520649183735
activated,workbench,org.eclipse.ui.workbench,3.6.2.M20110210-1200,"",1520649197979
opened,editor,org.eclipse.wst.html.ui,1.0.504.v201101122108,"org.eclipse.wst.html.core.htmlsource.source",1520649198500
activated,editor,org.eclipse.wst.html.ui,1.0.504.v201101122108,"org.eclipse.wst.html.core.htmlsource.source",1520649198640
activated,view,org.eclipse.ui.navigator.resources,3.4.202.M20101124-0800,"org.eclipse.ui.navigator.ProjectExplorer",1520649199084
activated,editor,org.eclipse.wst.html.ui,1.0.504.v201101122108,"org.eclipse.wst.html.core.htmlsource.source",1520649199259
started,bundle,org.eclipse.jst.jsf.facelet.core,1.0.2.v201101042130,"org.eclipse.jst.jsf.facelet.core",1520649206191
executed,command,org.eclipse.ui,3.6.2.M20110203-1100,"org.eclipse.ui.edit.text.contentAssist.proposals",1520649206245
executed,command,org.eclipse.ui,3.6.2.M20110203-1100,"org.eclipse.ui.edit.text.contentAssist.proposals",1520649207886
deactivated,workbench,org.eclipse.ui.workbench,3.6.2.M20110210-1200,"",1520649214635
activated,workbench,org.eclipse.ui.workbench,3.6.2.M20110210-1200,"",1520649216040
deactivated,workbench,org.eclipse.ui.workbench,3.6.2.M20110210-1200,"",1520649217401
activated,workbench,org.eclipse.ui.workbench,3.6.2.M20110210-1200,"",1520649219118
deactivated,workbench,org.eclipse.ui.workbench,3.6.2.M20110210-1200,"",1520649232794
activated,workbench,org.eclipse.ui.workbench,3.6.2.M20110210-1200,"",1520649234439
activated,editor,org.eclipse.jdt.ui,3.6.2.r362_v20110203,"org.eclipse.jdt.ui.CompilationUnitEditor",1520649240491
activated,editor,org.eclipse.wst.html.ui,1.0.504.v201101122108,"org.eclipse.wst.html.core.htmlsource.source",1520649241444
activated,editor,org.eclipse.ui.browser,3.3.1.r36_20101216,"org.eclipse.ui.browser.editor",1520649241837
activated,editor,org.eclipse.ui.browser,3.3.1.r36_20101216,"org.eclipse.ui.browser.editor",1520649244267
executed,command,org.eclipse.ui,3.6.2.M20110203-1100,"org.eclipse.ui.edit.copy",1520649245924
activated,editor,org.eclipse.wst.html.ui,1.0.504.v201101122108,"org.eclipse.wst.html.core.htmlsource.source",1520649246249
executed,command,org.eclipse.ui,3.6.2.M20110203-1100,"org.eclipse.ui.edit.paste",1520649246825
executed,command,org.eclipse.ui,3.6.2.M20110203-1100,"org.eclipse.ui.file.save",1520649247634
activated,view,org.eclipse.ui.navigator.resources,3.4.202.M20101124-0800,"org.eclipse.ui.navigator.ProjectExplorer",1520649248733
deactivated,workbench,org.eclipse.ui.workbench,3.6.2.M20110210-1200,"",1520649252757
activated,workbench,org.eclipse.ui.workbench,3.6.2.M20110210-1200,"",1520649253658
executed,command,org.eclipse.wst.server.ui,1.1.207.v20110119,"org.eclipse.wst.server.launchShortcut.run",1520649253681
opened,editor,org.eclipse.ui.browser,3.3.1.r36_20101216,"org.eclipse.ui.browser.editor",1520649254018
activated,editor,org.eclipse.ui.browser,3.3.1.r36_20101216,"org.eclipse.ui.browser.editor",1520649254066
activated,editor,org.eclipse.wst.html.ui,1.0.504.v201101122108,"org.eclipse.wst.html.core.htmlsource.source",1520649256468
executed,command,org.eclipse.ui,3.6.2.M20110203-1100,"org.eclipse.ui.file.save",1520649269914
activated,editor,org.eclipse.ui.browser,3.3.1.r36_20101216,"org.eclipse.ui.browser.editor",1520649271173
activated,view,org.eclipse.ui.navigator.resources,3.4.202.M20101124-0800,"org.eclipse.ui.navigator.ProjectExplorer",1520649276625
activated,editor,org.eclipse.wst.html.ui,1.0.504.v201101122108,"org.eclipse.wst.html.core.htmlsource.source",1520649276835
deactivated,workbench,org.eclipse.ui.workbench,3.6.2.M20110210-1200,"",1520649277275
activated,workbench,org.eclipse.ui.workbench,3.6.2.M20110210-1200,"",1520649278685
activated,editor,org.eclipse.ui.browser,3.3.1.r36_20101216,"org.eclipse.ui.browser.editor",1520649279901
activated,editor,org.eclipse.ui.browser,3.3.1.r36_20101216,"org.eclipse.ui.browser.editor",1520649280980
activated,editor,org.eclipse.jdt.ui,3.6.2.r362_v20110203,"org.eclipse.jdt.ui.CompilationUnitEditor",1520649281764
executed,command,org.eclipse.ui,3.6.2.M20110203-1100,"org.eclipse.ui.edit.undo",1520649283778
executed,command,org.eclipse.ui,3.6.2.M20110203-1100,"org.eclipse.ui.edit.undo",1520649284903
executed,command,org.eclipse.ui,3.6.2.M20110203-1100,"org.eclipse.ui.edit.undo",1520649285694
executed,command,org.eclipse.ui,3.6.2.M20110203-1100,"org.eclipse.ui.edit.undo",1520649286071
executed,command,org.eclipse.ui,3.6.2.M20110203-1100,"org.eclipse.ui.edit.undo",1520649286369
executed,command,org.eclipse.ui,3.6.2.M20110203-1100,"org.eclipse.ui.edit.undo",1520649286610
executed,command,org.eclipse.ui,3.6.2.M20110203-1100,"org.eclipse.ui.edit.undo",1520649286864
executed,command,org.eclipse.ui,3.6.2.M20110203-1100,"org.eclipse.ui.edit.undo",1520649287331
executed,command,org.eclipse.ui,3.6.2.M20110203-1100,"org.eclipse.ui.edit.undo",1520649287700
executed,command,org.eclipse.ui,3.6.2.M20110203-1100,"org.eclipse.ui.edit.undo",1520649288183
executed,command,org.eclipse.ui,3.6.2.M20110203-1100,"org.eclipse.ui.edit.undo",1520649288580
executed,command,org.eclipse.ui,3.6.2.M20110203-1100,"org.eclipse.ui.edit.redo",1520649290787
executed,command,org.eclipse.ui,3.6.2.M20110203-1100,"org.eclipse.ui.file.save",1520649291820
activated,view,org.eclipse.ui.navigator.resources,3.4.202.M20101124-0800,"org.eclipse.ui.navigator.ProjectExplorer",1520649298958
activated,editor,org.eclipse.jdt.ui,3.6.2.r362_v20110203,"org.eclipse.jdt.ui.CompilationUnitEditor",1520649299241
activated,editor,org.eclipse.ui.browser,3.3.1.r36_20101216,"org.eclipse.ui.browser.editor",1520649304366
activated,editor,org.eclipse.jdt.ui,3.6.2.r362_v20110203,"org.eclipse.jdt.ui.CompilationUnitEditor",1520649305587
activated,view,org.eclipse.ui.navigator.resources,3.4.202.M20101124-0800,"org.eclipse.ui.navigator.ProjectExplorer",1520649306888
activated,editor,org.eclipse.jdt.ui,3.6.2.r362_v20110203,"org.eclipse.jdt.ui.CompilationUnitEditor",1520649307085
executed,command,org.eclipse.ui,3.6.2.M20110203-1100,"org.eclipse.ui.file.save",1520649312857
deactivated,workbench,org.eclipse.ui.workbench,3.6.2.M20110210-1200,"",1520649313755
activated,workbench,org.eclipse.ui.workbench,3.6.2.M20110210-1200,"",1520649314510
deactivated,workbench,org.eclipse.ui.workbench,3.6.2.M20110210-1200,"",1520649315056
activated,workbench,org.eclipse.ui.workbench,3.6.2.M20110210-1200,"",1520649317347
activated,editor,org.eclipse.ui.browser,3.3.1.r36_20101216,"org.eclipse.ui.browser.editor",1520649318233
deactivated,workbench,org.eclipse.ui.workbench,3.6.2.M20110210-1200,"",1520649333633
activated,workbench,org.eclipse.ui.workbench,3.6.2.M20110210-1200,"",1520649400885
activated,view,org.eclipse.ui.navigator.resources,3.4.202.M20101124-0800,"org.eclipse.ui.navigator.ProjectExplorer",1520649403445
activated,editor,org.eclipse.jdt.ui,3.6.2.r362_v20110203,"org.eclipse.jdt.ui.CompilationUnitEditor",1520649403668
activated,view,org.eclipse.ui.navigator.resources,3.4.202.M20101124-0800,"org.eclipse.ui.navigator.ProjectExplorer",1520649405762
activated,editor,org.eclipse.jdt.ui,3.6.2.r362_v20110203,"org.eclipse.jdt.ui.CompilationUnitEditor",1520649405998
deactivated,workbench,org.eclipse.ui.workbench,3.6.2.M20110210-1200,"",1520649416740
activated,workbench,org.eclipse.ui.workbench,3.6.2.M20110210-1200,"",1520649422570
deactivated,workbench,org.eclipse.ui.workbench,3.6.2.M20110210-1200,"",1520649424430
activated,workbench,org.eclipse.ui.workbench,3.6.2.M20110210-1200,"",1520649473835
deactivated,workbench,org.eclipse.ui.workbench,3.6.2.M20110210-1200,"",1520649474614
activated,workbench,org.eclipse.ui.workbench,3.6.2.M20110210-1200,"",1520649499254
activated,view,org.eclipse.ui.navigator.resources,3.4.202.M20101124-0800,"org.eclipse.ui.navigator.ProjectExplorer",1520649500300
activated,editor,org.eclipse.jdt.ui,3.6.2.r362_v20110203,"org.eclipse.jdt.ui.CompilationUnitEditor",1520649500472
executed,command,org.eclipse.ui.workbench.texteditor,3.6.1.r361_v20100714-0800,"org.eclipse.ui.edit.text.toggleOverwrite",1520649502659
executed,command,org.eclipse.ui.workbench.texteditor,3.6.1.r361_v20100714-0800,"org.eclipse.ui.edit.text.toggleOverwrite",1520649504667
executed,command,org.eclipse.ui,3.6.2.M20110203-1100,"org.eclipse.ui.file.save",1520649508682
deactivated,workbench,org.eclipse.ui.workbench,3.6.2.M20110210-1200,"",1520649509708
activated,workbench,org.eclipse.ui.workbench,3.6.2.M20110210-1200,"",1520649515432
activated,editor,org.eclipse.ui.browser,3.3.1.r36_20101216,"org.eclipse.ui.browser.editor",1520649517333
deactivated,workbench,org.eclipse.ui.workbench,3.6.2.M20110210-1200,"",1520649520909
activated,workbench,org.eclipse.ui.workbench,3.6.2.M20110210-1200,"",1520649909311
deactivated,workbench,org.eclipse.ui.workbench,3.6.2.M20110210-1200,"",1520649909923
activated,workbench,org.eclipse.ui.workbench,3.6.2.M20110210-1200,"",1520649911631
deactivated,workbench,org.eclipse.ui.workbench,3.6.2.M20110210-1200,"",1520649914004
activated,workbench,org.eclipse.ui.workbench,3.6.2.M20110210-1200,"",1520650277969
activated,view,org.eclipse.ui.navigator.resources,3.4.202.M20101124-0800,"org.eclipse.ui.navigator.ProjectExplorer",1520650278902
activated,editor,org.eclipse.jdt.ui,3.6.2.r362_v20110203,"org.eclipse.jdt.ui.CompilationUnitEditor",1520650279118
deactivated,workbench,org.eclipse.ui.workbench,3.6.2.M20110210-1200,"",1520650282372
activated,workbench,org.eclipse.ui.workbench,3.6.2.M20110210-1200,"",1520650304134
activated,view,org.eclipse.ui.navigator.resources,3.4.202.M20101124-0800,"org.eclipse.ui.navigator.ProjectExplorer",1520650305518
activated,editor,org.eclipse.jdt.ui,3.6.2.r362_v20110203,"org.eclipse.jdt.ui.CompilationUnitEditor",1520650305724
executed,command,org.eclipse.ui,3.6.2.M20110203-1100,"org.eclipse.ui.edit.paste",1520650308831
executed,command,org.eclipse.ui,3.6.2.M20110203-1100,"org.eclipse.ui.edit.copy",1520650335581
executed,command,org.eclipse.ui,3.6.2.M20110203-1100,"org.eclipse.ui.edit.paste",1520650336717
executed,command,org.eclipse.ui,3.6.2.M20110203-1100,"org.eclipse.ui.edit.undo",1520650337585
executed,command,org.eclipse.ui,3.6.2.M20110203-1100,"org.eclipse.ui.edit.paste",1520650338331
executed,command,org.eclipse.ui,3.6.2.M20110203-1100,"org.eclipse.ui.edit.copy",1520650339965
executed,command,org.eclipse.ui,3.6.2.M20110203-1100,"org.eclipse.ui.edit.paste",1520650341358
executed,command,org.eclipse.ui,3.6.2.M20110203-1100,"org.eclipse.ui.file.save",1520650342598
executed,command,org.eclipse.ui,3.6.2.M20110203-1100,"org.eclipse.ui.file.save",1520650354809
executed,command,org.eclipse.ui,3.6.2.M20110203-1100,"org.eclipse.ui.file.save",1520650361222
activated,editor,org.eclipse.ui.browser,3.3.1.r36_20101216,"org.eclipse.ui.browser.editor",1520650361738
deactivated,workbench,org.eclipse.ui.workbench,3.6.2.M20110210-1200,"",1520650364485
activated,workbench,org.eclipse.ui.workbench,3.6.2.M20110210-1200,"",1520650365745
deactivated,workbench,org.eclipse.ui.workbench,3.6.2.M20110210-1200,"",1520650366181
activated,workbench,org.eclipse.ui.workbench,3.6.2.M20110210-1200,"",1520650369372
activated,view,org.eclipse.ui.navigator.resources,3.4.202.M20101124-0800,"org.eclipse.ui.navigator.ProjectExplorer",1520650371180
activated,editor,org.eclipse.jdt.ui,3.6.2.r362_v20110203,"org.eclipse.jdt.ui.CompilationUnitEditor",1520650371376
executed,command,org.eclipse.ui,3.6.2.M20110203-1100,"org.eclipse.ui.file.save",1520650380702
activated,editor,org.eclipse.ui.browser,3.3.1.r36_20101216,"org.eclipse.ui.browser.editor",1520650383689
activated,editor,org.eclipse.jdt.ui,3.6.2.r362_v20110203,"org.eclipse.jdt.ui.CompilationUnitEditor",1520650386279
activated,editor,org.eclipse.wst.html.ui,1.0.504.v201101122108,"org.eclipse.wst.html.core.htmlsource.source",1520650387883
activated,editor,org.eclipse.jdt.ui,3.6.2.r362_v20110203,"org.eclipse.jdt.ui.CompilationUnitEditor",1520650388642
executed,command,org.eclipse.ui,3.6.2.M20110203-1100,"org.eclipse.ui.file.save",1520650393918
activated,editor,org.eclipse.ui.browser,3.3.1.r36_20101216,"org.eclipse.ui.browser.editor",1520650394892
activated,editor,org.eclipse.jdt.ui,3.6.2.r362_v20110203,"org.eclipse.jdt.ui.CompilationUnitEditor",1520650397005
activated,editor,org.eclipse.wst.html.ui,1.0.504.v201101122108,"org.eclipse.wst.html.core.htmlsource.source",1520650398785
activated,editor,org.eclipse.ui.browser,3.3.1.r36_20101216,"org.eclipse.ui.browser.editor",1520650399172
activated,editor,org.eclipse.jdt.ui,3.6.2.r362_v20110203,"org.eclipse.jdt.ui.CompilationUnitEditor",1520650400219
activated,editor,org.eclipse.jdt.ui,3.6.2.r362_v20110203,"org.eclipse.jdt.ui.CompilationUnitEditor",1520650400635
executed,command,org.eclipse.ui,3.6.2.M20110203-1100,"org.eclipse.ui.edit.copy",1520650428523
executed,command,org.eclipse.ui,3.6.2.M20110203-1100,"org.eclipse.ui.edit.paste",1520650433425
executed,command,org.eclipse.ui,3.6.2.M20110203-1100,"org.eclipse.ui.edit.copy",1520650443793
executed,command,org.eclipse.ui,3.6.2.M20110203-1100,"org.eclipse.ui.edit.paste",1520650446667
executed,command,org.eclipse.ui,3.6.2.M20110203-1100,"org.eclipse.ui.file.save",1520650454499
executed,command,org.eclipse.ui,3.6.2.M20110203-1100,"org.eclipse.ui.edit.copy",1520650455815
executed,command,org.eclipse.ui,3.6.2.M20110203-1100,"org.eclipse.ui.edit.paste",1520650458101
executed,command,org.eclipse.ui,3.6.2.M20110203-1100,"org.eclipse.ui.edit.paste",1520650463086
executed,command,org.eclipse.ui,3.6.2.M20110203-1100,"org.eclipse.ui.file.save",1520650464517
executed,command,org.eclipse.ui,3.6.2.M20110203-1100,"org.eclipse.ui.file.save",1520650475673
deactivated,workbench,org.eclipse.ui.workbench,3.6.2.M20110210-1200,"",1520650481662
activated,workbench,org.eclipse.ui.workbench,3.6.2.M20110210-1200,"",1520650496822
executed,command,org.eclipse.ui,3.6.2.M20110203-1100,"org.eclipse.ui.file.save",1520650505538
executed,command,org.eclipse.ui,3.6.2.M20110203-1100,"org.eclipse.ui.file.save",1520650521228
executed,command,org.eclipse.ui,3.6.2.M20110203-1100,"org.eclipse.ui.edit.copy",1520650524980
executed,command,org.eclipse.ui,3.6.2.M20110203-1100,"org.eclipse.ui.edit.paste",1520650529218
executed,command,org.eclipse.ui,3.6.2.M20110203-1100,"org.eclipse.ui.edit.copy",1520650536775
executed,command,org.eclipse.ui,3.6.2.M20110203-1100,"org.eclipse.ui.edit.paste",1520650541737
executed,command,org.eclipse.ui,3.6.2.M20110203-1100,"org.eclipse.ui.file.save",1520650543802
executed,command,org.eclipse.ui,3.6.2.M20110203-1100,"org.eclipse.ui.file.save",1520650550697
activated,editor,org.eclipse.ui.browser,3.3.1.r36_20101216,"org.eclipse.ui.browser.editor",1520650553582
activated,editor,org.eclipse.jdt.ui,3.6.2.r362_v20110203,"org.eclipse.jdt.ui.CompilationUnitEditor",1520650558569
activated,editor,org.eclipse.wst.html.ui,1.0.504.v201101122108,"org.eclipse.wst.html.core.htmlsource.source",1520650563098
activated,editor,org.eclipse.jdt.ui,3.6.2.r362_v20110203,"org.eclipse.jdt.ui.CompilationUnitEditor",1520650564181
activated,editor,org.eclipse.jdt.ui,3.6.2.r362_v20110203,"org.eclipse.jdt.ui.CompilationUnitEditor",1520650565892
deactivated,workbench,org.eclipse.ui.workbench,3.6.2.M20110210-1200,"",1520650578639
activated,workbench,org.eclipse.ui.workbench,3.6.2.M20110210-1200,"",1520650598950
deactivated,workbench,org.eclipse.ui.workbench,3.6.2.M20110210-1200,"",1520650599374
activated,workbench,org.eclipse.ui.workbench,3.6.2.M20110210-1200,"",1520650601476
executed,command,org.eclipse.ui,3.6.2.M20110203-1100,"org.eclipse.ui.edit.paste",1520650604646
executed,command,org.eclipse.ui,3.6.2.M20110203-1100,"org.eclipse.ui.file.save",1520650605492
deactivated,workbench,org.eclipse.ui.workbench,3.6.2.M20110210-1200,"",1520650608556
activated,workbench,org.eclipse.ui.workbench,3.6.2.M20110210-1200,"",1520650608663
deactivated,workbench,org.eclipse.ui.workbench,3.6.2.M20110210-1200,"",1520650611417
activated,workbench,org.eclipse.ui.workbench,3.6.2.M20110210-1200,"",1520650617721
executed,command,org.eclipse.ui,3.6.2.M20110203-1100,"org.eclipse.ui.edit.paste",1520650620771
executed,command,org.eclipse.ui,3.6.2.M20110203-1100,"org.eclipse.ui.file.save",1520650624288
deactivated,workbench,org.eclipse.ui.workbench,3.6.2.M20110210-1200,"",1520650624644
activated,workbench,org.eclipse.ui.workbench,3.6.2.M20110210-1200,"",1520650628451
executed,command,org.eclipse.ui,3.6.2.M20110203-1100,"org.eclipse.ui.edit.paste",1520650631391
executed,command,org.eclipse.ui,3.6.2.M20110203-1100,"org.eclipse.ui.edit.copy",1520650636428
executed,command,org.eclipse.ui,3.6.2.M20110203-1100,"org.eclipse.ui.edit.paste",1520650637515
executed,command,org.eclipse.ui,3.6.2.M20110203-1100,"org.eclipse.ui.file.save",1520650639210
activated,editor,org.eclipse.ui.browser,3.3.1.r36_20101216,"org.eclipse.ui.browser.editor",1520650640374
activated,editor,org.eclipse.jdt.ui,3.6.2.r362_v20110203,"org.eclipse.jdt.ui.CompilationUnitEditor",1520650645592
activated,editor,org.eclipse.jdt.ui,3.6.2.r362_v20110203,"org.eclipse.jdt.ui.CompilationUnitEditor",1520650648446
activated,editor,org.eclipse.jdt.ui,3.6.2.r362_v20110203,"org.eclipse.jdt.ui.CompilationUnitEditor",1520650648861
activated,editor,org.eclipse.ui.browser,3.3.1.r36_20101216,"org.eclipse.ui.browser.editor",1520650651977
activated,editor,org.eclipse.jdt.ui,3.6.2.r362_v20110203,"org.eclipse.jdt.ui.CompilationUnitEditor",1520650652651
executed,command,org.eclipse.ui,3.6.2.M20110203-1100,"org.eclipse.ui.file.save",1520650670926
deactivated,workbench,org.eclipse.ui.workbench,3.6.2.M20110210-1200,"",1520650671483
activated,workbench,org.eclipse.ui.workbench,3.6.2.M20110210-1200,"",1520650671891
activated,editor,org.eclipse.ui.browser,3.3.1.r36_20101216,"org.eclipse.ui.browser.editor",1520650672516
deactivated,workbench,org.eclipse.ui.workbench,3.6.2.M20110210-1200,"",1520650675070
activated,workbench,org.eclipse.ui.workbench,3.6.2.M20110210-1200,"",1520650677357
activated,editor,org.eclipse.jdt.ui,3.6.2.r362_v20110203,"org.eclipse.jdt.ui.CompilationUnitEditor",1520650681908
activated,editor,org.eclipse.wst.html.ui,1.0.504.v201101122108,"org.eclipse.wst.html.core.htmlsource.source",1520650683196
activated,editor,org.eclipse.ui.browser,3.3.1.r36_20101216,"org.eclipse.ui.browser.editor",1520650684158
activated,editor,org.eclipse.wst.html.ui,1.0.504.v201101122108,"org.eclipse.wst.html.core.htmlsource.source",1520650685441
closed,editor,org.eclipse.ui.browser,3.3.1.r36_20101216,"org.eclipse.ui.browser.editor",1520650685441
activated,editor,org.eclipse.jdt.ui,3.6.2.r362_v20110203,"org.eclipse.jdt.ui.CompilationUnitEditor",1520650686018
activated,editor,org.eclipse.jdt.ui,3.6.2.r362_v20110203,"org.eclipse.jdt.ui.CompilationUnitEditor",1520650687440
deactivated,workbench,org.eclipse.ui.workbench,3.6.2.M20110210-1200,"",1520650689541
activated,workbench,org.eclipse.ui.workbench,3.6.2.M20110210-1200,"",1520650690008
executed,command,org.eclipse.ui,3.6.2.M20110203-1100,"org.eclipse.ui.edit.copy",1520650690507
deactivated,workbench,org.eclipse.ui.workbench,3.6.2.M20110210-1200,"",1520650690883
activated,workbench,org.eclipse.ui.workbench,3.6.2.M20110210-1200,"",1520650763779
executed,command,org.eclipse.jdt.ui,3.6.2.r362_v20110203,"org.eclipse.jdt.ui.edit.text.java.toggle.comment",1520650774088
executed,command,org.eclipse.ui,3.6.2.M20110203-1100,"org.eclipse.ui.edit.paste",1520650777887
executed,command,org.eclipse.ui,3.6.2.M20110203-1100,"org.eclipse.ui.file.save",1520650778898
executed,command,org.eclipse.ui,3.6.2.M20110203-1100,"org.eclipse.ui.edit.copy",1520650780956
executed,command,org.eclipse.ui,3.6.2.M20110203-1100,"org.eclipse.ui.edit.paste",1520650783008
executed,command,org.eclipse.ui,3.6.2.M20110203-1100,"org.eclipse.ui.file.save",1520650783486
activated,editor,org.eclipse.ui.browser,3.3.1.r36_20101216,"org.eclipse.ui.browser.editor",1520650784221
activated,editor,org.eclipse.jdt.ui,3.6.2.r362_v20110203,"org.eclipse.jdt.ui.CompilationUnitEditor",1520650787464
activated,editor,org.eclipse.wst.html.ui,1.0.504.v201101122108,"org.eclipse.wst.html.core.htmlsource.source",1520650788947
activated,view,org.eclipse.ui.console,3.5.0.v20100526,"org.eclipse.ui.console.ConsoleView",1520650792280
activated,editor,org.eclipse.jdt.ui,3.6.2.r362_v20110203,"org.eclipse.jdt.ui.CompilationUnitEditor",1520650792527
executed,command,org.eclipse.ui,3.6.2.M20110203-1100,"org.eclipse.ui.edit.undo",1520650799133
executed,command,org.eclipse.ui,3.6.2.M20110203-1100,"org.eclipse.ui.edit.undo",1520650799653
executed,command,org.eclipse.ui,3.6.2.M20110203-1100,"org.eclipse.ui.edit.undo",1520650800087
executed,command,org.eclipse.ui,3.6.2.M20110203-1100,"org.eclipse.ui.edit.undo",1520650800484
executed,command,org.eclipse.ui,3.6.2.M20110203-1100,"org.eclipse.ui.edit.undo",1520650800923
executed,command,org.eclipse.ui,3.6.2.M20110203-1100,"org.eclipse.ui.edit.undo",1520650801262
executed,command,org.eclipse.ui,3.6.2.M20110203-1100,"org.eclipse.ui.edit.undo",1520650802043
executed,command,org.eclipse.ui,3.6.2.M20110203-1100,"org.eclipse.ui.edit.undo",1520650802519
executed,command,org.eclipse.ui,3.6.2.M20110203-1100,"org.eclipse.ui.edit.undo",1520650803147
executed,command,org.eclipse.ui,3.6.2.M20110203-1100,"org.eclipse.ui.file.save",1520650804836
activated,editor,org.eclipse.ui.browser,3.3.1.r36_20101216,"org.eclipse.ui.browser.editor",1520650805867
activated,editor,org.eclipse.jdt.ui,3.6.2.r362_v20110203,"org.eclipse.jdt.ui.CompilationUnitEditor",1520650812649
activated,editor,org.eclipse.wst.html.ui,1.0.504.v201101122108,"org.eclipse.wst.html.core.htmlsource.source",1520650815679
activated,editor,org.eclipse.jdt.ui,3.6.2.r362_v20110203,"org.eclipse.jdt.ui.CompilationUnitEditor",1520650816814
activated,editor,org.eclipse.jdt.ui,3.6.2.r362_v20110203,"org.eclipse.jdt.ui.CompilationUnitEditor",1520650818584
executed,command,org.eclipse.ui,3.6.2.M20110203-1100,"org.eclipse.ui.file.save",1520650845408
executed,command,org.eclipse.ui,3.6.2.M20110203-1100,"org.eclipse.ui.edit.undo",1520650857589
executed,command,org.eclipse.ui,3.6.2.M20110203-1100,"org.eclipse.ui.edit.undo",1520650858360
